language,method,m,n,p,median_seconds,checksum
java,i-k-j,50,50,50,0.000373,2531250.0
java,i-k-j,100,100,100,0.001090,20250000.0
java,i-k-j,200,200,200,0.002111,162000000.0
java,i-k-j,400,400,400,0.016824,1296000000.0
java,i-k-j,800,800,800,0.186146,10368000000.0
python,np.matmul,50,50,50,0.000013,2531250.0
python,loops,50,50,50,0.052001,2531250.0
python,np.matmul,100,100,100,0.000226,20250000.0
python,loops,100,100,100,0.400627,20250000.0
python,np.matmul,200,200,200,0.000427,162000000.0
python,loops,200,200,200,3.730673,162000000.0
python,np.matmul,400,400,400,0.001371,1296000000.0
python,np.matmul,800,800,800,0.008306,10368000000.0
